<?xml version="1.0" encoding="utf-8"?>
<!-- $Id: en-GB.xml 10511 2008-07-06 19:21:55Z willebil $ -->
<metafile version="1.5" client="installation">
	<name>Dari(دری)(Afghanistan)</name>
    <version>1.5.9</version>
    <creationDate>Aug 2009</creationDate>
	<author>Paiwastoon IT Networking ltd</author>
	<copyright>Copyright (C) 2005 - 2009 Open Source Matters. All rights reserved.</copyright>
	<license>http://www.gnu.org/licenses/gpl-2.0.html GNU/GPL</license>
	<description>Dari language installation for Joomla</description>
	<metadata>
		<name>Dari(دری){Afghanistan}</name>
		<tag>fa-AF</tag>
		<rtl>1</rtl>
		<locale>fa-AF.utf8, fa-AF.UTF-8, fa-AF, da-AF, fa, dari,farsi-Afghanistan, Afghanistan, afghan</locale>
		<winCodePage>utf-8</winCodePage>
		<backwardLang>Dari</backwardLang>
	</metadata>
	<params />
</metafile>
