<?xml version="1.0" encoding="utf-8"?>
<metafile version="1.5"  client="installation" >
	<tag>az-AZ</tag>
	<name>Azəricə  (Azərbaycan dili)</name>
	<description>Azeri language installation for Joomla</description>
	<version>1.5.9</version>
	<creationDate>2009-02-06</creationDate>
	<author>Joomlaz! Team-Mahmud! and Yusuf</author>
	<copyright>Copyright (C) 2005 - 2009 Open Source Matters. All rights reserved.</copyright>
	<license>http://www.gnu.org/copyleft/gpl.html GNU/GPL</license>
	<metadata>
		<name>Azəricə  (Azərbaycan dili)</name>
		<tag>az-AZ</tag>
		<rtl>0</rtl>
		<locale>az_AZ.utf8, az_AZ.UTF-8, az_AZ, aze_AZ, az, azerbaijani, azerbaijani-AZ, azerbaijan, AZ</locale>
		<winCodePage>utf8</winCodePage>
		<backwardLang>azeri</backwardLang>
		<pdfFontName>freesans</pdfFontName>
	</metadata>
	<params></params>
</metafile>
