﻿<?xml version="1.0" encoding="utf-8"?>
<metafile version="1.5" client="installation" >
	<tag>it-IT</tag>
	<name>Italian -Italy</name>
	<description>Italian language installation for Joomla</description>
	<version>1.5.9</version>
	<creationDate>May 2009</creationDate>
	<author>Italian Translation team</author>
	<copyright>Copyright (C) 2005 - 2009 Open Source Matters. All rights reserved</copyright>
	<license>http://www.gnu.org/licenses/gpl-2.0.html GNU/GPL</license>
	<metadata>
		<name>Italian - Italy</name>
		<tag>it-IT</tag>
		<rtl>0</rtl>
		<locale>it_IT.utf8, it_IT.UTF-8, it_IT.UTF-8@euro, it, ita_IT, it_IT, it-IT, Italian_Standard, italian, italian-it, IT, ita, </locale>
		<winCodePage>iso-8859-1</winCodePage>
		<backwardLang>italian</backwardLang>
	</metadata>
</metafile>