<?xml version="1.0" encoding="utf-8"?>
<metafile version="1.5" client="installation">
	<name>Bahasa Indonesia</name>
    <version>1.5.9</version>
    <creationDate>July 2009</creationDate>
	<author>Tim Hanacaraka Joomla Indonesia</author>
	<authorEmail>admin@id-joomla.net</authorEmail>
	<authorUrl>www.id-joomla.com</authorUrl>
	<copyright>Copyright (C) 2005 - 2009 Open Source Matters. All rights reserved.
	</copyright>
	<license>http://www.gnu.org/licenses/gpl-2.0.html GNU/GPL</license>
	<description>Bahasa Indonesia untuk Pemasang Web</description>
	<metadata>
		<name>Bahasa Indonesia</name>
		<tag>id-ID</tag>
		<rtl>0</rtl>
		<locale>id_ID.utf8, id_ID.UTF-8, id_ID, bahasa, bahasa indonesia, indonesia, indonesian</locale>
		<winCodePage>iso-8859-1</winCodePage>
		<backwardLang>indonesian</backwardLang>
	</metadata>
	<params />
</metafile>
