<?xml version="1.0" encoding="utf-8"?>
<!-- $Id: en-GB.xml 10511 2008-07-06 19:21:55Z willebil $ -->
<metafile version="1.5" client="installation">
	<name>Pashto(پشتو)(Afghanistan)</name>
    <version>1.5.9</version>
    <creationDate>Aug 2009</creationDate>
	<author>Paiwastoon IT Newtorking ltd</author>
	<copyright>Copyright (C) 2005 - 2009 Open Source Matters. All rights reserved.</copyright>
	<license>http://www.gnu.org/licenses/gpl-2.0.html GNU/GPL</license>
	<description>Pashto language file for web installer</description>
	<metadata>
		<name>Pashto(پشتو) (Afghanistan)</name>
		<tag>ps-AF</tag>
		<rtl>1</rtl>
		<locale>ps_AF.utf8, ps_AF.UTF-8, ps_AF, ps_AF, ps, pashto, pashto-afghanistan, afghanistan</locale>
		<winCodePage>utf-8</winCodePage>
		<backwardLang>pashto</backwardLang>
	</metadata>
	<params />
</metafile>
